{
  "train_loss": [
    2.035990156910636,
    1.9306987123055892,
    1.8222633903676813,
    1.8213213205337524,
    1.7080727197907188,
    1.7101239811290394,
    1.684565905007449,
    1.631724266572432,
    1.6220920649441806,
    1.6477831233631481,
    1.5612126751379534,
    1.5184760299595919,
    1.4898829926143993,
    1.525575059110468,
    1.494217549128966,
    1.4678716616197065,
    1.407187236439098,
    1.463927972316742,
    1.3978873577984896,
    1.3742321762171659
  ],
  "val_loss": [
    2.002184067453657,
    2.116493727479662,
    2.041324551616396,
    2.009583064488002,
    2.138626209327153,
    2.0388184189796448,
    2.02765291929245,
    2.084493407181331,
    1.8883910051413946,
    1.9402683930737632,
    2.018809267452785,
    1.9810742097241538,
    2.135129668882915,
    1.913945381130491,
    1.9815365735973631,
    2.017996200493404,
    1.9365395946162087,
    2.004329949617386,
    2.0378126821347644,
    2.0697016439267566
  ],
  "val_acc": [
    0.7954545454545454,
    0.7954545454545454,
    0.7954545454545454,
    0.7954545454545454,
    0.7954545454545454,
    0.7954545454545454,
    0.7772727272727272,
    0.75,
    0.7727272727272727,
    0.7727272727272727,
    0.7272727272727273,
    0.7727272727272727,
    0.75,
    0.7727272727272727,
    0.7545454545454545,
    0.7727272727272727,
    0.75,
    0.75,
    0.75,
    0.75
  ]
}